subjectRace,Carotid,ERIW,Firearm,Impact Weapon,K-9,OC,Other,Physical Control,Pointing of Firearms,Spike Strips,Strike by Object/Fist,UNKNOWN,Vehicle Deflection,Total UoF,Pointing of Firearms Proportion
American Indian,,1.0,1.0,,,,,3.0,1.0,,,,,6.0,0.007019514249613927
Asian or Pacific Islander,2.0,6.0,,33.0,,10.0,,150.0,1045.0,2.0,60.0,1.0,,1309.0,7.335392390846553
Black,7.0,50.0,14.0,148.0,2.0,104.0,66.0,1113.0,6545.0,63.0,506.0,,6.0,8624.0,45.94272076372315
Hispanic,3.0,112.0,37.0,59.0,,38.0,19.0,650.0,3243.0,,285.0,,,4446.0,22.764284711497965
Unknown,,6.0,4.0,15.0,,6.0,5.0,120.0,668.0,10.0,38.0,,,872.0,4.689035518742103
White,3.0,51.0,42.0,106.0,,68.0,39.0,945.0,2720.0,1.0,335.0,3.0,4.0,4317.0,19.09307875894988
nan,,,,,,,,,24.0,,,970.0,,994.0,0.16846834199073424
