{
  "san_francisco-2017": {
    "health": 1949.16,
    "culture": 360.02,
    "admin": 2876.69,
    "city": 428.04,
    "welfare": 1423.50,
    "protection": 1461.44,
    "transport": 4118.24
  },
  "oakland-2017": {
    "health": 0.0,
    "culture": 58.925807,
    "admin": 156.290502,
    "city": 0.0,
    "welfare": 118.709574,
    "protection": 442.680596,
    "transport": 609.93081
  },
  "oakland-2018": {
    "health": 0.0,
    "culture": 71.223375,
    "admin": 169.569874,
    "city": 0.0,
    "welfare": 143.796954,
    "protection": 443.140434,
    "transport": 590.216636
  },
  "oakland-2019": {
    "health": 0.0,
    "culture": 78.138263,
    "admin": 190.527375,
    "city": 0.0,
    "welfare": 174.290459,
    "protection": 498.37433,
    "transport": 612.352724
  },
  "oakland-2020": {
    "health": 0.0,
    "culture": 80.334563,
    "admin": 194.659642,
    "city": 0.0,
    "welfare": 158.581056,
    "protection": 515.306585,
    "transport": 610.209328
  }
}
