{"oakland-2020-2021": {"health": 186.0892985, "culture": 80.3345630, "admin": 150.5215790, "city": 186.0892985, "welfare": 158.5800560, "protection": 515.4066450, "transport": 384.2992300}}