{
  "san_francisco-1999": {
    "health": 1612.31408585,
    "culture": 382.54670635,
    "admin": 1526.01850983,
    "city": 1270.15903073,
    "welfare": 849.31148102,
    "protection": 931.02562096,
    "transport": 4780.52024861
  },
  "san_francisco-2000": {
    "health": 1666.6750688,
    "culture": 458.30673546,
    "admin": 3909.66223118,
    "city": 1309.81602253,
    "welfare": 854.35569995,
    "protection": 1005.08573637,
    "transport": 4599.66160307
  },
  "san_francisco-2001": {
    "health": 1755.96681186,
    "culture": 675.30817854,
    "admin": 340.82051501,
    "city": 1493.75004789,
    "welfare": 948.79892562,
    "protection": 1024.47767638,
    "transport": 5322.67137858
  },
  "san_francisco-2002": {
    "health": 1887.99834327,
    "culture": 432.93074715,
    "admin": 1161.02399534,
    "city": 1517.57548101,
    "welfare": 1063.56705072,
    "protection": 1036.65539567,
    "transport": 4868.35196472
  },
  "san_francisco-2003": {
    "health": 1992.19491105,
    "culture": 628.18430882,
    "admin": 2256.1675705,
    "city": 1399.77903696,
    "welfare": 1108.11362838,
    "protection": 1090.15419088,
    "transport": 4496.6696878
  },
  "san_francisco-2004": {
    "health": 1966.34386243,
    "culture": 301.05990412,
    "admin": 2400.65925488,
    "city": 1644.32191456,
    "welfare": 1222.13804078,
    "protection": 1056.84042336,
    "transport": 4384.72139951
  },
  "san_francisco-2005": {
    "health": 2329.13239926,
    "culture": 412.65646998,
    "admin": 2487.61846203,
    "city": 1604.90896617,
    "welfare": 1574.98465305,
    "protection": 1146.0081931,
    "transport": 4271.70993463
  },
  "san_francisco-2006": {
    "health": 2212.12239448,
    "culture": 377.67051471,
    "admin": 2723.53585524,
    "city": 1741.22503264,
    "welfare": 1787.3876139,
    "protection": 1250.61334115,
    "transport": 5037.25309443
  },
  "san_francisco-2007": {
    "health": 2327.4203653,
    "culture": 400.39270783,
    "admin": 2986.63747744,
    "city": 1848.69611761,
    "welfare": 1820.60998497,
    "protection": 1310.5649668,
    "transport": 5309.55247057
  },
  "san_francisco-2008": {
    "health": 2453.30872303,
    "culture": 482.78561992,
    "admin": 3267.00707916,
    "city": 1908.20730798,
    "welfare": 1943.58471432,
    "protection": 1405.17213752,
    "transport": 5193.30172367
  },
  "san_francisco-2009": {
    "health": 2705.30802647,
    "culture": 514.78066559,
    "admin": 3378.83098287,
    "city": 2024.13715913,
    "welfare": 2137.29505867,
    "protection": 1361.87328922,
    "transport": 5607.92366603
  },
  "san_francisco-2010": {
    "health": 2888.22764587,
    "culture": 506.5681379,
    "admin": 3487.2760412,
    "city": 2105.82869286,
    "welfare": 2375.06438639,
    "protection": 1365.53778,
    "transport": 7498.77645801
  },
  "san_francisco-2011": {
    "health": 2671.79422573,
    "culture": 471.21091049,
    "admin": 3853.31850724,
    "city": 2286.42118152,
    "welfare": 2080.68542419,
    "protection": 1403.65411402,
    "transport": 7530.71255666
  },
  "san_francisco-2012": {
    "health": 2925.92597002,
    "culture": 542.36142675,
    "admin": 4314.19984559,
    "city": 2465.60954967,
    "welfare": 2253.36478156,
    "protection": 1464.71631179,
    "transport": 8454.9342012
  },
  "san_francisco-2013": {
    "health": 3432.46693399,
    "culture": 592.52628274,
    "admin": 4259.89266836,
    "city": 2495.88175381,
    "welfare": 2348.00805166,
    "protection": 1549.45935325,
    "transport": 8609.97668211
  },
  "san_francisco-2014": {
    "health": 3254.66997008,
    "culture": 556.63845192,
    "admin": 4448.0837665,
    "city": 2732.68300192,
    "welfare": 2490.06005729,
    "protection": 1602.41149659,
    "transport": 8731.19188746
  },
  "san_francisco-2015": {
    "health": 3390.69421806,
    "culture": 657.94894012,
    "admin": 5182.77943957,
    "city": 3016.0585375,
    "welfare": 2608.69635658,
    "protection": 1631.83935431,
    "transport": 8049.30680047
  },
  "san_francisco-2016": {
    "health": 3252.86863856,
    "culture": 901.47592791,
    "admin": 5389.63240055,
    "city": 3094.90397182,
    "welfare": 2936.55244721,
    "protection": 1725.21742199,
    "transport": 9111.91686098
  },
  "san_francisco-2017": {
    "health": 3561.00631891,
    "culture": 648.55794783,
    "admin": 5587.06552305,
    "city": 3554.02122766,
    "welfare": 3128.49446744,
    "protection": 1779.47711964,
    "transport": 8288.55949447
  },
  "oakland-2017": {
    "health": 0.0,
    "culture": 58.925807,
    "admin": 156.290502,
    "city": 0.0,
    "welfare": 118.709574,
    "protection": 442.680596,
    "transport": 609.93081
  },
  "oakland-2018": {
    "health": 0.0,
    "culture": 71.223375,
    "admin": 169.569874,
    "city": 0.0,
    "welfare": 143.796954,
    "protection": 443.140434,
    "transport": 590.216636
  },
  "oakland-2019": {
    "health": 0.0,
    "culture": 78.138263,
    "admin": 190.527375,
    "city": 0.0,
    "welfare": 174.290459,
    "protection": 498.37433,
    "transport": 612.352724
  },
  "oakland-2020": {
    "health": 0.0,
    "culture": 80.334563,
    "admin": 194.659642,
    "city": 0.0,
    "welfare": 158.581056,
    "protection": 515.306585,
    "transport": 610.209328
  }
}